created_at,id,parameter_id,process_id,set_point,timestamp,value
2025-05-07T12:24:10.495131+00:00,1daf4947-c067-4b66-8939-0ca8bb2385da,00950d67-97d8-441d-907f-1627409c75d8,65d31b24-dad9-469a-b896-152db0635e90,,2025-05-07T12:24:07.493403+00:00,10
2025-05-07T12:24:13.526702+00:00,e88d1248-cdd4-4d26-97e2-4eb8974e1266,00950d67-97d8-441d-907f-1627409c75d8,65d31b24-dad9-469a-b896-152db0635e90,,2025-05-07T12:24:10.822229+00:00,10
2025-05-07T12:24:16.70485+00:00,63250d3c-a035-4e08-a145-0dce04e072cb,00950d67-97d8-441d-907f-1627409c75d8,65d31b24-dad9-469a-b896-152db0635e90,,2025-05-07T12:24:14.001043+00:00,10
2025-05-07T12:24:19.864119+00:00,1b4d02e7-32aa-47a9-bbf2-ec6db0901d48,00950d67-97d8-441d-907f-1627409c75d8,65d31b24-dad9-469a-b896-152db0635e90,,2025-05-07T12:24:17.133554+00:00,10
2025-05-07T12:24:23.401611+00:00,55bc8f3c-bfcb-403c-a6ed-088cfeedcd53,00950d67-97d8-441d-907f-1627409c75d8,65d31b24-dad9-469a-b896-152db0635e90,,2025-05-07T12:24:20.659561+00:00,10
2025-05-07T12:24:26.359173+00:00,b016aab5-7210-4d15-abee-bdff61816a5a,00950d67-97d8-441d-907f-1627409c75d8,65d31b24-dad9-469a-b896-152db0635e90,,2025-05-07T12:24:23.690189+00:00,10
2025-05-07T12:24:29.442125+00:00,7b4968af-3518-4e30-99bf-a79b1865aed7,00950d67-97d8-441d-907f-1627409c75d8,65d31b24-dad9-469a-b896-152db0635e90,,2025-05-07T12:24:26.782463+00:00,10
2025-05-07T12:24:32.511786+00:00,cfc00836-f3ff-479e-b4ed-bcea4940c5b5,00950d67-97d8-441d-907f-1627409c75d8,65d31b24-dad9-469a-b896-152db0635e90,,2025-05-07T12:24:29.873803+00:00,10
2025-05-07T12:24:10.495131+00:00,160bec42-e122-4679-8e72-a6ddc9527f83,12db5c62-1791-4b52-85e7-491965dc02e9,65d31b24-dad9-469a-b896-152db0635e90,64,2025-05-07T12:24:07.493403+00:00,200
2025-05-07T12:24:13.526702+00:00,6fb87df4-4199-4a59-87e1-445dd9f86ef8,12db5c62-1791-4b52-85e7-491965dc02e9,65d31b24-dad9-469a-b896-152db0635e90,64,2025-05-07T12:24:10.822229+00:00,200
2025-05-07T12:24:16.70485+00:00,0aeaae0b-3865-48c8-9c35-469065d342c3,12db5c62-1791-4b52-85e7-491965dc02e9,65d31b24-dad9-469a-b896-152db0635e90,64,2025-05-07T12:24:14.001043+00:00,200
2025-05-07T12:24:23.401611+00:00,37c93199-8f3a-4848-a188-7fab7d472949,12db5c62-1791-4b52-85e7-491965dc02e9,65d31b24-dad9-469a-b896-152db0635e90,64,2025-05-07T12:24:20.659561+00:00,200
2025-05-07T12:24:19.864119+00:00,f3001eb2-4246-4ff8-ade0-64c72fe34e73,12db5c62-1791-4b52-85e7-491965dc02e9,65d31b24-dad9-469a-b896-152db0635e90,64,2025-05-07T12:24:17.133554+00:00,200
2025-05-07T12:24:26.359173+00:00,51daf036-4afe-4e7c-819f-2c1e5e9d1ad0,12db5c62-1791-4b52-85e7-491965dc02e9,65d31b24-dad9-469a-b896-152db0635e90,64,2025-05-07T12:24:23.690189+00:00,200
2025-05-07T12:24:29.442125+00:00,1b3daa59-f725-4532-a5e3-c905a52f1b99,12db5c62-1791-4b52-85e7-491965dc02e9,65d31b24-dad9-469a-b896-152db0635e90,64,2025-05-07T12:24:26.782463+00:00,200
2025-05-07T12:24:32.511786+00:00,cc84c1d7-5be3-41fc-aec0-0aedbf10a268,12db5c62-1791-4b52-85e7-491965dc02e9,65d31b24-dad9-469a-b896-152db0635e90,64,2025-05-07T12:24:29.873803+00:00,200
2025-05-07T12:24:10.330174+00:00,f3aff76a-0b28-4344-acf7-1fc0768d2554,1f2b1f8f-a756-4abb-bd0f-0bf05b9888b3,65d31b24-dad9-469a-b896-152db0635e90,,2025-05-07T12:24:07.493403+00:00,0
2025-05-07T12:24:13.39253+00:00,84a3106d-fbdd-4edc-ad78-6ac94482f763,1f2b1f8f-a756-4abb-bd0f-0bf05b9888b3,65d31b24-dad9-469a-b896-152db0635e90,,2025-05-07T12:24:10.822229+00:00,0
2025-05-07T12:24:16.570729+00:00,5f79f72b-849e-4fd6-b7ae-13951174e7b0,1f2b1f8f-a756-4abb-bd0f-0bf05b9888b3,65d31b24-dad9-469a-b896-152db0635e90,,2025-05-07T12:24:14.001043+00:00,0
2025-05-07T12:24:19.737915+00:00,71270e5e-3080-4be8-ae7e-9b0380268b7b,1f2b1f8f-a756-4abb-bd0f-0bf05b9888b3,65d31b24-dad9-469a-b896-152db0635e90,,2025-05-07T12:24:17.133554+00:00,0
2025-05-07T12:24:23.278777+00:00,9e603884-017c-4f0f-a46d-dd084014b218,1f2b1f8f-a756-4abb-bd0f-0bf05b9888b3,65d31b24-dad9-469a-b896-152db0635e90,,2025-05-07T12:24:20.659561+00:00,0
2025-05-07T12:24:26.225484+00:00,0a7cb4ef-f095-44eb-8de6-70122b0d891c,1f2b1f8f-a756-4abb-bd0f-0bf05b9888b3,65d31b24-dad9-469a-b896-152db0635e90,,2025-05-07T12:24:23.690189+00:00,0
2025-05-07T12:24:29.298749+00:00,2b32ceb1-5225-4641-86e7-5380b49dde18,1f2b1f8f-a756-4abb-bd0f-0bf05b9888b3,65d31b24-dad9-469a-b896-152db0635e90,,2025-05-07T12:24:26.782463+00:00,0
2025-05-07T12:24:32.376531+00:00,abaf3cc6-b889-4a0f-b935-a4b7338d9df6,1f2b1f8f-a756-4abb-bd0f-0bf05b9888b3,65d31b24-dad9-469a-b896-152db0635e90,,2025-05-07T12:24:29.873803+00:00,0
2025-05-07T12:24:10.495131+00:00,4c28c6c1-e67e-4c19-b895-de21547b2bde,27b5f623-a88e-4a94-aba2-58cc30c5257c,65d31b24-dad9-469a-b896-152db0635e90,,2025-05-07T12:24:07.493403+00:00,0
2025-05-07T12:24:13.526702+00:00,8c7179c0-486c-47e8-9990-3479b5bc2130,27b5f623-a88e-4a94-aba2-58cc30c5257c,65d31b24-dad9-469a-b896-152db0635e90,,2025-05-07T12:24:10.822229+00:00,0
2025-05-07T12:24:16.70485+00:00,81dd8554-2bed-4e89-ab50-b6e87e471cee,27b5f623-a88e-4a94-aba2-58cc30c5257c,65d31b24-dad9-469a-b896-152db0635e90,,2025-05-07T12:24:14.001043+00:00,0
2025-05-07T12:24:19.864119+00:00,996918ee-5a4e-4db0-8392-34a76ec0e005,27b5f623-a88e-4a94-aba2-58cc30c5257c,65d31b24-dad9-469a-b896-152db0635e90,,2025-05-07T12:24:17.133554+00:00,0
2025-05-07T12:24:23.401611+00:00,e9a8ab39-38a5-4dda-90b2-2a57bde9adcf,27b5f623-a88e-4a94-aba2-58cc30c5257c,65d31b24-dad9-469a-b896-152db0635e90,,2025-05-07T12:24:20.659561+00:00,0
2025-05-07T12:24:26.359173+00:00,1c31afa1-acaf-428e-af2a-28ca2d44cdf4,27b5f623-a88e-4a94-aba2-58cc30c5257c,65d31b24-dad9-469a-b896-152db0635e90,,2025-05-07T12:24:23.690189+00:00,0
2025-05-07T12:24:29.442125+00:00,cc4fc814-e853-4abd-9a28-4762b8ff2747,27b5f623-a88e-4a94-aba2-58cc30c5257c,65d31b24-dad9-469a-b896-152db0635e90,,2025-05-07T12:24:26.782463+00:00,0
2025-05-07T12:24:32.511786+00:00,bebd001f-62bd-4c37-b640-1f4924aad266,27b5f623-a88e-4a94-aba2-58cc30c5257c,65d31b24-dad9-469a-b896-152db0635e90,,2025-05-07T12:24:29.873803+00:00,0
2025-05-07T12:24:10.495131+00:00,7b0e9059-b9a6-438c-9000-8da15ec7f04a,35dc8e4c-06bc-4c0e-adbf-f045c1322f1a,65d31b24-dad9-469a-b896-152db0635e90,,2025-05-07T12:24:07.493403+00:00,100000
2025-05-07T12:24:13.526702+00:00,b50d1666-04bb-4962-b606-cf3aac8fc7f4,35dc8e4c-06bc-4c0e-adbf-f045c1322f1a,65d31b24-dad9-469a-b896-152db0635e90,,2025-05-07T12:24:10.822229+00:00,100000
2025-05-07T12:24:16.70485+00:00,279ccdc0-e12d-4732-8d76-8ed05254043c,35dc8e4c-06bc-4c0e-adbf-f045c1322f1a,65d31b24-dad9-469a-b896-152db0635e90,,2025-05-07T12:24:14.001043+00:00,100000
2025-05-07T12:24:23.401611+00:00,7865e644-b008-4c17-ab73-9eb8a69cba33,35dc8e4c-06bc-4c0e-adbf-f045c1322f1a,65d31b24-dad9-469a-b896-152db0635e90,,2025-05-07T12:24:20.659561+00:00,100000
2025-05-07T12:24:19.864119+00:00,285adc58-89c4-4316-a0ee-2f8624815641,35dc8e4c-06bc-4c0e-adbf-f045c1322f1a,65d31b24-dad9-469a-b896-152db0635e90,,2025-05-07T12:24:17.133554+00:00,100000
2025-05-07T12:24:26.359173+00:00,dadded78-1e70-45c7-b2e5-8e0206c4dabb,35dc8e4c-06bc-4c0e-adbf-f045c1322f1a,65d31b24-dad9-469a-b896-152db0635e90,,2025-05-07T12:24:23.690189+00:00,100000
2025-05-07T12:24:29.442125+00:00,e03be111-d012-43c9-b72d-920c6c88366d,35dc8e4c-06bc-4c0e-adbf-f045c1322f1a,65d31b24-dad9-469a-b896-152db0635e90,,2025-05-07T12:24:26.782463+00:00,100000
2025-05-07T12:24:32.511786+00:00,bd825af9-f789-4cc5-98ac-833dee8da170,35dc8e4c-06bc-4c0e-adbf-f045c1322f1a,65d31b24-dad9-469a-b896-152db0635e90,,2025-05-07T12:24:29.873803+00:00,100000
2025-05-07T12:24:10.330174+00:00,14581eb7-2e73-44f7-b1c8-e5dced79c49b,3f9fffa2-3176-43c3-a159-ffd4c3aadbb8,65d31b24-dad9-469a-b896-152db0635e90,,2025-05-07T12:24:07.493403+00:00,0
2025-05-07T12:24:13.39253+00:00,44d8fb3f-844c-4907-9437-166cfa51ca71,3f9fffa2-3176-43c3-a159-ffd4c3aadbb8,65d31b24-dad9-469a-b896-152db0635e90,,2025-05-07T12:24:10.822229+00:00,0
2025-05-07T12:24:16.570729+00:00,0aa19103-7c6d-481d-8ef6-dd1ffc692580,3f9fffa2-3176-43c3-a159-ffd4c3aadbb8,65d31b24-dad9-469a-b896-152db0635e90,,2025-05-07T12:24:14.001043+00:00,0
2025-05-07T12:24:19.737915+00:00,8e08e608-1889-47ab-a5e1-a2420dee4c4c,3f9fffa2-3176-43c3-a159-ffd4c3aadbb8,65d31b24-dad9-469a-b896-152db0635e90,,2025-05-07T12:24:17.133554+00:00,0
2025-05-07T12:24:23.278777+00:00,baa2850d-87a9-4001-9bda-a4a87b1c5d77,3f9fffa2-3176-43c3-a159-ffd4c3aadbb8,65d31b24-dad9-469a-b896-152db0635e90,,2025-05-07T12:24:20.659561+00:00,0
2025-05-07T12:24:26.225484+00:00,e395bbf3-1348-4772-b325-5ada276466ff,3f9fffa2-3176-43c3-a159-ffd4c3aadbb8,65d31b24-dad9-469a-b896-152db0635e90,,2025-05-07T12:24:23.690189+00:00,0
2025-05-07T12:24:29.298749+00:00,b689efa5-8561-48b9-a3fa-e16299942674,3f9fffa2-3176-43c3-a159-ffd4c3aadbb8,65d31b24-dad9-469a-b896-152db0635e90,,2025-05-07T12:24:26.782463+00:00,0
2025-05-07T12:24:32.376531+00:00,1bfd69da-894b-4a75-879a-e77c5485233e,3f9fffa2-3176-43c3-a159-ffd4c3aadbb8,65d31b24-dad9-469a-b896-152db0635e90,,2025-05-07T12:24:29.873803+00:00,0
2025-05-07T12:24:10.495131+00:00,5d745ace-ede9-4492-9ac0-6d378d9e9d78,45712c4d-dcc0-46a7-9e16-12c810fa3439,65d31b24-dad9-469a-b896-152db0635e90,,2025-05-07T12:24:07.493403+00:00,0
2025-05-07T12:24:13.526702+00:00,c0515887-7113-4531-a0da-2e57c7a4ff9d,45712c4d-dcc0-46a7-9e16-12c810fa3439,65d31b24-dad9-469a-b896-152db0635e90,,2025-05-07T12:24:10.822229+00:00,0
2025-05-07T12:24:16.70485+00:00,d2ec90fd-534d-4f06-9ccf-c0ee6b13cfdf,45712c4d-dcc0-46a7-9e16-12c810fa3439,65d31b24-dad9-469a-b896-152db0635e90,,2025-05-07T12:24:14.001043+00:00,0
2025-05-07T12:24:23.401611+00:00,fffd19e1-5445-4d7c-9a06-14b57d3b5828,45712c4d-dcc0-46a7-9e16-12c810fa3439,65d31b24-dad9-469a-b896-152db0635e90,,2025-05-07T12:24:20.659561+00:00,0
2025-05-07T12:24:19.864119+00:00,7ec233f0-d478-4c17-add8-4372eb1d060b,45712c4d-dcc0-46a7-9e16-12c810fa3439,65d31b24-dad9-469a-b896-152db0635e90,,2025-05-07T12:24:17.133554+00:00,0
2025-05-07T12:24:26.359173+00:00,14deee9c-4a6a-4ad1-be28-8e3debbbcfce,45712c4d-dcc0-46a7-9e16-12c810fa3439,65d31b24-dad9-469a-b896-152db0635e90,,2025-05-07T12:24:23.690189+00:00,0
2025-05-07T12:24:29.442125+00:00,71c7ae21-8475-4606-876e-d1a3efaa458f,45712c4d-dcc0-46a7-9e16-12c810fa3439,65d31b24-dad9-469a-b896-152db0635e90,,2025-05-07T12:24:26.782463+00:00,0
2025-05-07T12:24:32.511786+00:00,52ac3520-cb0c-46fb-bdc1-3305a7ed2a93,45712c4d-dcc0-46a7-9e16-12c810fa3439,65d31b24-dad9-469a-b896-152db0635e90,,2025-05-07T12:24:29.873803+00:00,0
2025-05-07T12:24:10.330174+00:00,ec97991a-5dae-41de-8fb2-0e69a350e667,475ea660-2251-4d91-bdbd-0766a8655ddd,65d31b24-dad9-469a-b896-152db0635e90,,2025-05-07T12:24:07.493403+00:00,0
2025-05-07T12:24:13.39253+00:00,ea8f0cc8-4d1e-4e22-a3c0-4c7616ca81dc,475ea660-2251-4d91-bdbd-0766a8655ddd,65d31b24-dad9-469a-b896-152db0635e90,,2025-05-07T12:24:10.822229+00:00,0
2025-05-07T12:24:16.570729+00:00,c0ee64f6-3fd0-42a6-90fb-9b94671ee1f3,475ea660-2251-4d91-bdbd-0766a8655ddd,65d31b24-dad9-469a-b896-152db0635e90,,2025-05-07T12:24:14.001043+00:00,0
2025-05-07T12:24:19.737915+00:00,3b743bf9-61f2-4980-8329-eecce8ff96f2,475ea660-2251-4d91-bdbd-0766a8655ddd,65d31b24-dad9-469a-b896-152db0635e90,,2025-05-07T12:24:17.133554+00:00,0
2025-05-07T12:24:23.278777+00:00,c35a4b4c-ba5c-470d-9858-99f6d3a48bab,475ea660-2251-4d91-bdbd-0766a8655ddd,65d31b24-dad9-469a-b896-152db0635e90,,2025-05-07T12:24:20.659561+00:00,0
2025-05-07T12:24:26.225484+00:00,58fe138f-bd91-41ae-873e-10aeea756836,475ea660-2251-4d91-bdbd-0766a8655ddd,65d31b24-dad9-469a-b896-152db0635e90,,2025-05-07T12:24:23.690189+00:00,0
2025-05-07T12:24:29.298749+00:00,552e63dc-fc1b-4e65-872c-8d56a06ba1a6,475ea660-2251-4d91-bdbd-0766a8655ddd,65d31b24-dad9-469a-b896-152db0635e90,,2025-05-07T12:24:26.782463+00:00,0
2025-05-07T12:24:32.376531+00:00,91091389-6577-4052-bc03-26727c7497eb,475ea660-2251-4d91-bdbd-0766a8655ddd,65d31b24-dad9-469a-b896-152db0635e90,,2025-05-07T12:24:29.873803+00:00,0
2025-05-07T12:24:10.495131+00:00,06792752-2193-48e1-9ff0-d4597cd02d18,4c2e51ab-d694-4d85-8c26-01c0ec732e1e,65d31b24-dad9-469a-b896-152db0635e90,,2025-05-07T12:24:07.493403+00:00,0
2025-05-07T12:24:13.526702+00:00,507d71a2-aec3-4c2c-a360-8f07644909ed,4c2e51ab-d694-4d85-8c26-01c0ec732e1e,65d31b24-dad9-469a-b896-152db0635e90,,2025-05-07T12:24:10.822229+00:00,0
2025-05-07T12:24:16.70485+00:00,f6553993-d91c-4137-ac8d-4301e8bde24b,4c2e51ab-d694-4d85-8c26-01c0ec732e1e,65d31b24-dad9-469a-b896-152db0635e90,,2025-05-07T12:24:14.001043+00:00,0
2025-05-07T12:24:19.864119+00:00,355ca0b2-b1f3-47b4-97c2-72de3fe98ad7,4c2e51ab-d694-4d85-8c26-01c0ec732e1e,65d31b24-dad9-469a-b896-152db0635e90,,2025-05-07T12:24:17.133554+00:00,0
2025-05-07T12:24:23.401611+00:00,36c4760b-a17c-445c-97d0-e7a121420c8d,4c2e51ab-d694-4d85-8c26-01c0ec732e1e,65d31b24-dad9-469a-b896-152db0635e90,,2025-05-07T12:24:20.659561+00:00,0
2025-05-07T12:24:26.359173+00:00,00a089bd-eef6-4048-8846-132afbd1e94f,4c2e51ab-d694-4d85-8c26-01c0ec732e1e,65d31b24-dad9-469a-b896-152db0635e90,,2025-05-07T12:24:23.690189+00:00,0
2025-05-07T12:24:29.442125+00:00,80e56a54-9047-45ca-9ea2-e5c8a7201724,4c2e51ab-d694-4d85-8c26-01c0ec732e1e,65d31b24-dad9-469a-b896-152db0635e90,,2025-05-07T12:24:26.782463+00:00,0
2025-05-07T12:24:32.511786+00:00,1ec1ba92-c7b0-4a90-af61-d933236b0b78,4c2e51ab-d694-4d85-8c26-01c0ec732e1e,65d31b24-dad9-469a-b896-152db0635e90,,2025-05-07T12:24:29.873803+00:00,0
2025-05-07T12:24:10.330174+00:00,ac516587-3e28-479a-871c-5bf54766018c,5090a678-2d53-4bab-bc81-977b47190c51,65d31b24-dad9-469a-b896-152db0635e90,,2025-05-07T12:24:07.493403+00:00,100
2025-05-07T12:24:13.39253+00:00,d87aa029-6e54-4edd-9819-9b777cfc9aec,5090a678-2d53-4bab-bc81-977b47190c51,65d31b24-dad9-469a-b896-152db0635e90,,2025-05-07T12:24:10.822229+00:00,100
2025-05-07T12:24:16.570729+00:00,eb8ae3f7-c587-44df-8088-03a8e8850363,5090a678-2d53-4bab-bc81-977b47190c51,65d31b24-dad9-469a-b896-152db0635e90,,2025-05-07T12:24:14.001043+00:00,100
2025-05-07T12:24:19.737915+00:00,249cbd08-7418-4720-bf40-4fb22dc8b223,5090a678-2d53-4bab-bc81-977b47190c51,65d31b24-dad9-469a-b896-152db0635e90,,2025-05-07T12:24:17.133554+00:00,100
2025-05-07T12:24:23.278777+00:00,6a7dbe02-714a-44e8-a2bb-3c7f52b931e3,5090a678-2d53-4bab-bc81-977b47190c51,65d31b24-dad9-469a-b896-152db0635e90,,2025-05-07T12:24:20.659561+00:00,100
2025-05-07T12:24:26.225484+00:00,ee7ce82c-67f9-4d5a-8a33-934dd9e65314,5090a678-2d53-4bab-bc81-977b47190c51,65d31b24-dad9-469a-b896-152db0635e90,,2025-05-07T12:24:23.690189+00:00,100
2025-05-07T12:24:29.298749+00:00,fdfe04c3-3a3f-4aad-8d3b-5c3b45005a1a,5090a678-2d53-4bab-bc81-977b47190c51,65d31b24-dad9-469a-b896-152db0635e90,,2025-05-07T12:24:26.782463+00:00,100
2025-05-07T12:24:32.376531+00:00,4eef0782-725a-4f95-aca5-de8c3c12a205,5090a678-2d53-4bab-bc81-977b47190c51,65d31b24-dad9-469a-b896-152db0635e90,,2025-05-07T12:24:29.873803+00:00,100
2025-05-07T12:24:10.495131+00:00,f1728b5b-7eb1-463b-9a4b-d9eb9934e8b0,538fcee5-09ec-45ba-83e0-62b73761bf9a,65d31b24-dad9-469a-b896-152db0635e90,,2025-05-07T12:24:07.493403+00:00,0
2025-05-07T12:24:13.526702+00:00,790d63f2-0911-4212-8af4-a44898485d24,538fcee5-09ec-45ba-83e0-62b73761bf9a,65d31b24-dad9-469a-b896-152db0635e90,,2025-05-07T12:24:10.822229+00:00,0
2025-05-07T12:24:16.70485+00:00,7d473494-434c-4e10-8153-9d4725dd30c0,538fcee5-09ec-45ba-83e0-62b73761bf9a,65d31b24-dad9-469a-b896-152db0635e90,,2025-05-07T12:24:14.001043+00:00,0
2025-05-07T12:24:19.864119+00:00,b82f4ed4-cae3-4a0b-a350-4dd403e91605,538fcee5-09ec-45ba-83e0-62b73761bf9a,65d31b24-dad9-469a-b896-152db0635e90,,2025-05-07T12:24:17.133554+00:00,0
2025-05-07T12:24:23.401611+00:00,5faef0f7-2756-488e-b3f1-fa651fcf1979,538fcee5-09ec-45ba-83e0-62b73761bf9a,65d31b24-dad9-469a-b896-152db0635e90,,2025-05-07T12:24:20.659561+00:00,0
2025-05-07T12:24:26.359173+00:00,d2c33db0-c350-4918-933a-576c9f7a84b5,538fcee5-09ec-45ba-83e0-62b73761bf9a,65d31b24-dad9-469a-b896-152db0635e90,,2025-05-07T12:24:23.690189+00:00,0
2025-05-07T12:24:29.442125+00:00,a84fd572-ad79-43cb-8116-61cfc2448c9c,538fcee5-09ec-45ba-83e0-62b73761bf9a,65d31b24-dad9-469a-b896-152db0635e90,,2025-05-07T12:24:26.782463+00:00,0
2025-05-07T12:24:32.511786+00:00,a7a94df5-7812-49b1-8480-e419dcfa91ba,538fcee5-09ec-45ba-83e0-62b73761bf9a,65d31b24-dad9-469a-b896-152db0635e90,,2025-05-07T12:24:29.873803+00:00,0
2025-05-07T12:24:10.495131+00:00,eff2eb51-ca60-4a23-90d3-50a59657112a,5cd93dc4-7ac9-4891-a5c5-f6317f44b375,65d31b24-dad9-469a-b896-152db0635e90,,2025-05-07T12:24:07.493403+00:00,0
2025-05-07T12:24:13.526702+00:00,2f7e47c7-dd55-47ac-a8d8-3f7570e5c6d4,5cd93dc4-7ac9-4891-a5c5-f6317f44b375,65d31b24-dad9-469a-b896-152db0635e90,,2025-05-07T12:24:10.822229+00:00,0
2025-05-07T12:24:16.70485+00:00,67638136-3597-438b-964c-fd81c81a8d4f,5cd93dc4-7ac9-4891-a5c5-f6317f44b375,65d31b24-dad9-469a-b896-152db0635e90,,2025-05-07T12:24:14.001043+00:00,0
2025-05-07T12:24:19.864119+00:00,f708a82b-2ff4-43eb-8011-d73650375284,5cd93dc4-7ac9-4891-a5c5-f6317f44b375,65d31b24-dad9-469a-b896-152db0635e90,,2025-05-07T12:24:17.133554+00:00,0
2025-05-07T12:24:23.401611+00:00,65409f5e-4935-4d69-9e68-0bad229ae800,5cd93dc4-7ac9-4891-a5c5-f6317f44b375,65d31b24-dad9-469a-b896-152db0635e90,,2025-05-07T12:24:20.659561+00:00,0
2025-05-07T12:24:26.359173+00:00,9f32659f-de70-4cf3-9811-922c770dc980,5cd93dc4-7ac9-4891-a5c5-f6317f44b375,65d31b24-dad9-469a-b896-152db0635e90,,2025-05-07T12:24:23.690189+00:00,0
2025-05-07T12:24:29.442125+00:00,a66749ce-9c58-4100-8934-ab7eae69be12,5cd93dc4-7ac9-4891-a5c5-f6317f44b375,65d31b24-dad9-469a-b896-152db0635e90,,2025-05-07T12:24:26.782463+00:00,0
2025-05-07T12:24:32.511786+00:00,63731e6b-292e-4a21-9a0a-bb57e5d5bce6,5cd93dc4-7ac9-4891-a5c5-f6317f44b375,65d31b24-dad9-469a-b896-152db0635e90,,2025-05-07T12:24:29.873803+00:00,0
2025-05-07T12:24:10.495131+00:00,818106b2-63bf-4113-b1cc-f0ab04189e5d,61342cfe-7a0c-4ca4-a30b-1770b9e38e2d,65d31b24-dad9-469a-b896-152db0635e90,,2025-05-07T12:24:07.493403+00:00,100000
2025-05-07T12:24:13.526702+00:00,24495407-bbca-4b4c-9f21-28d0d9a04a96,61342cfe-7a0c-4ca4-a30b-1770b9e38e2d,65d31b24-dad9-469a-b896-152db0635e90,,2025-05-07T12:24:10.822229+00:00,100000
2025-05-07T12:24:16.70485+00:00,c8b0ff80-7fd0-4a4f-ae12-fbab62613c85,61342cfe-7a0c-4ca4-a30b-1770b9e38e2d,65d31b24-dad9-469a-b896-152db0635e90,,2025-05-07T12:24:14.001043+00:00,100000
2025-05-07T12:24:19.864119+00:00,dbbe8073-7c0c-4eb3-bb5b-eda97e82c395,61342cfe-7a0c-4ca4-a30b-1770b9e38e2d,65d31b24-dad9-469a-b896-152db0635e90,,2025-05-07T12:24:17.133554+00:00,100000
2025-05-07T12:24:23.401611+00:00,a1a3fff3-c458-46aa-ac42-3610826550cf,61342cfe-7a0c-4ca4-a30b-1770b9e38e2d,65d31b24-dad9-469a-b896-152db0635e90,,2025-05-07T12:24:20.659561+00:00,100000
2025-05-07T12:24:26.359173+00:00,8da8416b-2451-47a6-bfe3-e0bb326c912c,61342cfe-7a0c-4ca4-a30b-1770b9e38e2d,65d31b24-dad9-469a-b896-152db0635e90,,2025-05-07T12:24:23.690189+00:00,100000
2025-05-07T12:24:29.442125+00:00,b2542b9f-60b9-4b18-8102-b0f5aed64816,61342cfe-7a0c-4ca4-a30b-1770b9e38e2d,65d31b24-dad9-469a-b896-152db0635e90,,2025-05-07T12:24:26.782463+00:00,100000
2025-05-07T12:24:32.511786+00:00,1a56baee-8886-4e53-9abb-0b508f4e98c6,61342cfe-7a0c-4ca4-a30b-1770b9e38e2d,65d31b24-dad9-469a-b896-152db0635e90,,2025-05-07T12:24:29.873803+00:00,100000
2025-05-07T12:24:10.495131+00:00,48a0e6d0-e7bf-4903-b325-0278ef06f6ca,656f98b2-1d0f-4f65-a5d0-a3b2357bbeaf,65d31b24-dad9-469a-b896-152db0635e90,,2025-05-07T12:24:07.493403+00:00,0
2025-05-07T12:24:13.526702+00:00,db881080-5ea4-4266-9761-1e4a6ac8b309,656f98b2-1d0f-4f65-a5d0-a3b2357bbeaf,65d31b24-dad9-469a-b896-152db0635e90,,2025-05-07T12:24:10.822229+00:00,0
2025-05-07T12:24:16.70485+00:00,c45465f4-e59d-4f5f-9c81-3c9f1bbd0b6a,656f98b2-1d0f-4f65-a5d0-a3b2357bbeaf,65d31b24-dad9-469a-b896-152db0635e90,,2025-05-07T12:24:14.001043+00:00,0
2025-05-07T12:24:23.401611+00:00,88a86898-93bc-4952-aaab-a27865793dc2,656f98b2-1d0f-4f65-a5d0-a3b2357bbeaf,65d31b24-dad9-469a-b896-152db0635e90,,2025-05-07T12:24:20.659561+00:00,0
2025-05-07T12:24:19.864119+00:00,045e725a-1a77-447c-9366-5ac784c3b7f7,656f98b2-1d0f-4f65-a5d0-a3b2357bbeaf,65d31b24-dad9-469a-b896-152db0635e90,,2025-05-07T12:24:17.133554+00:00,0
2025-05-07T12:24:26.359173+00:00,4c519010-c173-40f0-adf9-6baebd75a29c,656f98b2-1d0f-4f65-a5d0-a3b2357bbeaf,65d31b24-dad9-469a-b896-152db0635e90,,2025-05-07T12:24:23.690189+00:00,0
2025-05-07T12:24:29.442125+00:00,50d1ef12-7d46-46c2-96bb-e6445fccd2c4,656f98b2-1d0f-4f65-a5d0-a3b2357bbeaf,65d31b24-dad9-469a-b896-152db0635e90,,2025-05-07T12:24:26.782463+00:00,0
2025-05-07T12:24:32.511786+00:00,32c77a20-022a-4804-9ad4-1299282c390c,656f98b2-1d0f-4f65-a5d0-a3b2357bbeaf,65d31b24-dad9-469a-b896-152db0635e90,,2025-05-07T12:24:29.873803+00:00,0
2025-05-07T12:24:10.495131+00:00,f6993ffa-55ec-4e32-91e6-a619abc736cb,7f9ede59-32bd-4420-91e1-c5bc7b077faf,65d31b24-dad9-469a-b896-152db0635e90,,2025-05-07T12:24:07.493403+00:00,0
2025-05-07T12:24:13.526702+00:00,39c99f98-e465-4d45-b522-9e25f624c5d1,7f9ede59-32bd-4420-91e1-c5bc7b077faf,65d31b24-dad9-469a-b896-152db0635e90,,2025-05-07T12:24:10.822229+00:00,0
2025-05-07T12:24:16.70485+00:00,178a360c-3866-4e3a-a5f8-c68c58694fab,7f9ede59-32bd-4420-91e1-c5bc7b077faf,65d31b24-dad9-469a-b896-152db0635e90,,2025-05-07T12:24:14.001043+00:00,0
2025-05-07T12:24:19.864119+00:00,ef44b2f3-c850-4255-81b8-ada3e58877b8,7f9ede59-32bd-4420-91e1-c5bc7b077faf,65d31b24-dad9-469a-b896-152db0635e90,,2025-05-07T12:24:17.133554+00:00,0
2025-05-07T12:24:23.401611+00:00,c28d508f-f32a-4a41-b5e6-bac63e807430,7f9ede59-32bd-4420-91e1-c5bc7b077faf,65d31b24-dad9-469a-b896-152db0635e90,,2025-05-07T12:24:20.659561+00:00,0
2025-05-07T12:24:26.359173+00:00,834d1b22-743c-4788-a211-baa1407a78f7,7f9ede59-32bd-4420-91e1-c5bc7b077faf,65d31b24-dad9-469a-b896-152db0635e90,,2025-05-07T12:24:23.690189+00:00,0
2025-05-07T12:24:29.442125+00:00,7720bf82-d380-40a3-abc0-073a84e932a3,7f9ede59-32bd-4420-91e1-c5bc7b077faf,65d31b24-dad9-469a-b896-152db0635e90,,2025-05-07T12:24:26.782463+00:00,0
2025-05-07T12:24:32.511786+00:00,6511fc8d-5ae5-4c6a-9e84-4a9ad5054c3c,7f9ede59-32bd-4420-91e1-c5bc7b077faf,65d31b24-dad9-469a-b896-152db0635e90,,2025-05-07T12:24:29.873803+00:00,0
2025-05-07T12:24:10.495131+00:00,c81a6b54-e73b-4b98-a182-2977ec8fa9f9,83b03e5c-ec49-4123-80e6-8043302bbe3d,65d31b24-dad9-469a-b896-152db0635e90,,2025-05-07T12:24:07.493403+00:00,0
2025-05-07T12:24:13.526702+00:00,80dd0df6-3842-4b76-90e8-730ae688d973,83b03e5c-ec49-4123-80e6-8043302bbe3d,65d31b24-dad9-469a-b896-152db0635e90,,2025-05-07T12:24:10.822229+00:00,0
2025-05-07T12:24:16.70485+00:00,a6ae3834-985a-4ddf-b407-dcddc62ceeba,83b03e5c-ec49-4123-80e6-8043302bbe3d,65d31b24-dad9-469a-b896-152db0635e90,,2025-05-07T12:24:14.001043+00:00,0
2025-05-07T12:24:19.864119+00:00,121da999-5e59-4005-b066-be97c7e73b74,83b03e5c-ec49-4123-80e6-8043302bbe3d,65d31b24-dad9-469a-b896-152db0635e90,,2025-05-07T12:24:17.133554+00:00,0
2025-05-07T12:24:23.401611+00:00,502bc948-59d6-4e06-bd6e-8784e8fc2a35,83b03e5c-ec49-4123-80e6-8043302bbe3d,65d31b24-dad9-469a-b896-152db0635e90,,2025-05-07T12:24:20.659561+00:00,0
2025-05-07T12:24:26.359173+00:00,2ec0eca2-2e54-4d00-8bcc-9c10cc148e6e,83b03e5c-ec49-4123-80e6-8043302bbe3d,65d31b24-dad9-469a-b896-152db0635e90,,2025-05-07T12:24:23.690189+00:00,0
2025-05-07T12:24:29.442125+00:00,7f2d9fb0-3f7e-45cd-ad59-ec2d8e93c9ae,83b03e5c-ec49-4123-80e6-8043302bbe3d,65d31b24-dad9-469a-b896-152db0635e90,,2025-05-07T12:24:26.782463+00:00,0
2025-05-07T12:24:32.511786+00:00,16107902-a775-4cd3-8909-48a0a9be1ee6,83b03e5c-ec49-4123-80e6-8043302bbe3d,65d31b24-dad9-469a-b896-152db0635e90,,2025-05-07T12:24:29.873803+00:00,0
2025-05-07T12:24:10.495131+00:00,bac6daa3-1f3b-42dd-bbfd-1314fd117022,8f6c5108-58e2-4efd-9bfe-675e640decb7,65d31b24-dad9-469a-b896-152db0635e90,,2025-05-07T12:24:07.493403+00:00,0
2025-05-07T12:24:13.526702+00:00,542c6214-3ac5-4889-997b-56a4aca60009,8f6c5108-58e2-4efd-9bfe-675e640decb7,65d31b24-dad9-469a-b896-152db0635e90,,2025-05-07T12:24:10.822229+00:00,0
2025-05-07T12:24:16.70485+00:00,04ce1809-c8b5-47a2-b19a-83338bd5d9f3,8f6c5108-58e2-4efd-9bfe-675e640decb7,65d31b24-dad9-469a-b896-152db0635e90,,2025-05-07T12:24:14.001043+00:00,0
2025-05-07T12:24:19.864119+00:00,f6304976-2fd7-43c5-9f39-6419e0b89e70,8f6c5108-58e2-4efd-9bfe-675e640decb7,65d31b24-dad9-469a-b896-152db0635e90,,2025-05-07T12:24:17.133554+00:00,0
2025-05-07T12:24:23.401611+00:00,e8f7365c-8455-43b9-848a-a98ffab76330,8f6c5108-58e2-4efd-9bfe-675e640decb7,65d31b24-dad9-469a-b896-152db0635e90,,2025-05-07T12:24:20.659561+00:00,0
2025-05-07T12:24:26.359173+00:00,44a7fad4-6691-40af-8f95-9268c978ae8b,8f6c5108-58e2-4efd-9bfe-675e640decb7,65d31b24-dad9-469a-b896-152db0635e90,,2025-05-07T12:24:23.690189+00:00,0
2025-05-07T12:24:29.442125+00:00,a6793a78-f9ca-465e-ad05-e6b140e3e013,8f6c5108-58e2-4efd-9bfe-675e640decb7,65d31b24-dad9-469a-b896-152db0635e90,,2025-05-07T12:24:26.782463+00:00,0
2025-05-07T12:24:32.511786+00:00,7e94548d-ce6b-4e97-a52d-f4ce2dee482f,8f6c5108-58e2-4efd-9bfe-675e640decb7,65d31b24-dad9-469a-b896-152db0635e90,,2025-05-07T12:24:29.873803+00:00,0
2025-05-07T12:24:10.330174+00:00,ec1a4b1b-c96c-4d51-a4c8-8fdd0159a187,9f5387b8-a1b8-4b44-b4a5-be8134e834c5,65d31b24-dad9-469a-b896-152db0635e90,,2025-05-07T12:24:07.493403+00:00,0
2025-05-07T12:24:13.39253+00:00,b3c9e0eb-9381-4478-af28-dae29f90f68d,9f5387b8-a1b8-4b44-b4a5-be8134e834c5,65d31b24-dad9-469a-b896-152db0635e90,,2025-05-07T12:24:10.822229+00:00,0
2025-05-07T12:24:16.570729+00:00,6c3f1f25-ecd6-4951-b651-1a5f275e794e,9f5387b8-a1b8-4b44-b4a5-be8134e834c5,65d31b24-dad9-469a-b896-152db0635e90,,2025-05-07T12:24:14.001043+00:00,0
2025-05-07T12:24:19.737915+00:00,39b29049-df3c-4d1c-92c5-18b614095ad2,9f5387b8-a1b8-4b44-b4a5-be8134e834c5,65d31b24-dad9-469a-b896-152db0635e90,,2025-05-07T12:24:17.133554+00:00,0
2025-05-07T12:24:23.278777+00:00,27ac25e1-d39a-429a-bead-a7eba2f366c4,9f5387b8-a1b8-4b44-b4a5-be8134e834c5,65d31b24-dad9-469a-b896-152db0635e90,,2025-05-07T12:24:20.659561+00:00,0
2025-05-07T12:24:26.225484+00:00,6da8b0d6-ec47-4f63-831c-ffdae02ce6ec,9f5387b8-a1b8-4b44-b4a5-be8134e834c5,65d31b24-dad9-469a-b896-152db0635e90,,2025-05-07T12:24:23.690189+00:00,0
2025-05-07T12:24:29.298749+00:00,62f03ef3-677b-49f6-b0b2-b40f53628568,9f5387b8-a1b8-4b44-b4a5-be8134e834c5,65d31b24-dad9-469a-b896-152db0635e90,,2025-05-07T12:24:26.782463+00:00,0
2025-05-07T12:24:32.376531+00:00,02882e8a-4717-4c4d-aff3-de0b5a536841,9f5387b8-a1b8-4b44-b4a5-be8134e834c5,65d31b24-dad9-469a-b896-152db0635e90,,2025-05-07T12:24:29.873803+00:00,0
2025-05-07T12:24:10.495131+00:00,7811ca4b-9e2a-44de-810b-3b882e97f138,a9db4b32-e34a-4cf1-82ac-eb32ce63ca2d,65d31b24-dad9-469a-b896-152db0635e90,,2025-05-07T12:24:07.493403+00:00,10
2025-05-07T12:24:13.526702+00:00,92f32c81-c3c8-436a-86e6-22cf01ea2bdf,a9db4b32-e34a-4cf1-82ac-eb32ce63ca2d,65d31b24-dad9-469a-b896-152db0635e90,,2025-05-07T12:24:10.822229+00:00,10
2025-05-07T12:24:16.70485+00:00,ce02551e-5074-4dd5-a96d-93bbdcf85490,a9db4b32-e34a-4cf1-82ac-eb32ce63ca2d,65d31b24-dad9-469a-b896-152db0635e90,,2025-05-07T12:24:14.001043+00:00,10
2025-05-07T12:24:19.864119+00:00,1fdd857e-43b7-4b5b-970c-a48d9da6f09e,a9db4b32-e34a-4cf1-82ac-eb32ce63ca2d,65d31b24-dad9-469a-b896-152db0635e90,,2025-05-07T12:24:17.133554+00:00,10
2025-05-07T12:24:23.401611+00:00,b603a7a2-8c45-47de-81a7-020902d47d86,a9db4b32-e34a-4cf1-82ac-eb32ce63ca2d,65d31b24-dad9-469a-b896-152db0635e90,,2025-05-07T12:24:20.659561+00:00,10
2025-05-07T12:24:26.359173+00:00,733c249c-95b6-4657-84da-1205c2d6f5b3,a9db4b32-e34a-4cf1-82ac-eb32ce63ca2d,65d31b24-dad9-469a-b896-152db0635e90,,2025-05-07T12:24:23.690189+00:00,10
2025-05-07T12:24:29.442125+00:00,099096d2-a246-497e-b025-b4159e460376,a9db4b32-e34a-4cf1-82ac-eb32ce63ca2d,65d31b24-dad9-469a-b896-152db0635e90,,2025-05-07T12:24:26.782463+00:00,10
2025-05-07T12:24:32.511786+00:00,55150cba-e497-4a55-8f3f-5943a461d116,a9db4b32-e34a-4cf1-82ac-eb32ce63ca2d,65d31b24-dad9-469a-b896-152db0635e90,,2025-05-07T12:24:29.873803+00:00,10
2025-05-07T12:24:10.495131+00:00,f9917e36-df1b-43bf-b62c-201051dbcc29,b2001fea-11d7-4aed-9856-c9206c70c27f,65d31b24-dad9-469a-b896-152db0635e90,,2025-05-07T12:24:07.493403+00:00,10
2025-05-07T12:24:13.526702+00:00,0eb75492-89fb-493d-9c4d-37926e971a39,b2001fea-11d7-4aed-9856-c9206c70c27f,65d31b24-dad9-469a-b896-152db0635e90,,2025-05-07T12:24:10.822229+00:00,10
2025-05-07T12:24:16.70485+00:00,2ec5597b-8811-4fb2-a952-c91ddff9d843,b2001fea-11d7-4aed-9856-c9206c70c27f,65d31b24-dad9-469a-b896-152db0635e90,,2025-05-07T12:24:14.001043+00:00,10
2025-05-07T12:24:23.401611+00:00,3ba1b8b5-f9eb-4740-aca3-96a4dd50071c,b2001fea-11d7-4aed-9856-c9206c70c27f,65d31b24-dad9-469a-b896-152db0635e90,,2025-05-07T12:24:20.659561+00:00,10
2025-05-07T12:24:19.864119+00:00,2c15ac55-1d79-4f91-8917-c94f83ff5872,b2001fea-11d7-4aed-9856-c9206c70c27f,65d31b24-dad9-469a-b896-152db0635e90,,2025-05-07T12:24:17.133554+00:00,10
2025-05-07T12:24:26.359173+00:00,c9d57744-869d-4e06-a220-4e3f5e5fcbaa,b2001fea-11d7-4aed-9856-c9206c70c27f,65d31b24-dad9-469a-b896-152db0635e90,,2025-05-07T12:24:23.690189+00:00,10
2025-05-07T12:24:29.442125+00:00,fcecb1ea-0160-4d11-b3c6-126c8c73e8b2,b2001fea-11d7-4aed-9856-c9206c70c27f,65d31b24-dad9-469a-b896-152db0635e90,,2025-05-07T12:24:26.782463+00:00,10
2025-05-07T12:24:32.511786+00:00,67336401-0ece-47c9-a01c-6e2d211cb738,b2001fea-11d7-4aed-9856-c9206c70c27f,65d31b24-dad9-469a-b896-152db0635e90,,2025-05-07T12:24:29.873803+00:00,10
2025-05-07T12:24:10.495131+00:00,3805dcdb-bb63-45a7-9f93-a5ea6d655000,b48a22bf-461f-4c0f-8da9-b1544b0f3d70,65d31b24-dad9-469a-b896-152db0635e90,,2025-05-07T12:24:07.493403+00:00,0
2025-05-07T12:24:13.526702+00:00,9b19c6f6-88a9-45eb-b4fb-5ee282b49e97,b48a22bf-461f-4c0f-8da9-b1544b0f3d70,65d31b24-dad9-469a-b896-152db0635e90,,2025-05-07T12:24:10.822229+00:00,0
2025-05-07T12:24:16.70485+00:00,331538ef-31c8-4722-9d22-7f948bfdef3c,b48a22bf-461f-4c0f-8da9-b1544b0f3d70,65d31b24-dad9-469a-b896-152db0635e90,,2025-05-07T12:24:14.001043+00:00,0
2025-05-07T12:24:19.864119+00:00,406aa9d5-8fca-404d-b5e9-41be858df104,b48a22bf-461f-4c0f-8da9-b1544b0f3d70,65d31b24-dad9-469a-b896-152db0635e90,,2025-05-07T12:24:17.133554+00:00,0
2025-05-07T12:24:23.401611+00:00,44768b0d-b33e-4736-b8e2-dcf6c888c384,b48a22bf-461f-4c0f-8da9-b1544b0f3d70,65d31b24-dad9-469a-b896-152db0635e90,,2025-05-07T12:24:20.659561+00:00,0
2025-05-07T12:24:26.359173+00:00,63507122-db16-4bdf-ae14-4ce5c4bad997,b48a22bf-461f-4c0f-8da9-b1544b0f3d70,65d31b24-dad9-469a-b896-152db0635e90,,2025-05-07T12:24:23.690189+00:00,0
2025-05-07T12:24:29.442125+00:00,307d3a11-14bd-422f-a98d-1786ba98aabb,b48a22bf-461f-4c0f-8da9-b1544b0f3d70,65d31b24-dad9-469a-b896-152db0635e90,,2025-05-07T12:24:26.782463+00:00,0
2025-05-07T12:24:32.511786+00:00,1abcd313-d978-4025-8dfa-a33cf8c045b9,b48a22bf-461f-4c0f-8da9-b1544b0f3d70,65d31b24-dad9-469a-b896-152db0635e90,,2025-05-07T12:24:29.873803+00:00,0
2025-05-07T12:24:10.495131+00:00,1eb26f31-1c86-412d-a0cc-3923cdcf1a94,d685d5b4-012e-4f23-982c-6bb4c4b23adf,65d31b24-dad9-469a-b896-152db0635e90,,2025-05-07T12:24:07.493403+00:00,0
2025-05-07T12:24:13.526702+00:00,5edd9120-3044-4eda-9044-428ef6d81efc,d685d5b4-012e-4f23-982c-6bb4c4b23adf,65d31b24-dad9-469a-b896-152db0635e90,,2025-05-07T12:24:10.822229+00:00,0
2025-05-07T12:24:16.70485+00:00,942edac8-130e-41a2-997e-fae08a08871e,d685d5b4-012e-4f23-982c-6bb4c4b23adf,65d31b24-dad9-469a-b896-152db0635e90,,2025-05-07T12:24:14.001043+00:00,0
2025-05-07T12:24:19.864119+00:00,b64a30a5-e5c2-4dc2-a70b-c0814139186c,d685d5b4-012e-4f23-982c-6bb4c4b23adf,65d31b24-dad9-469a-b896-152db0635e90,,2025-05-07T12:24:17.133554+00:00,0
2025-05-07T12:24:23.401611+00:00,e3cc1dea-496d-4925-850b-1c8013daa7ec,d685d5b4-012e-4f23-982c-6bb4c4b23adf,65d31b24-dad9-469a-b896-152db0635e90,,2025-05-07T12:24:20.659561+00:00,0
2025-05-07T12:24:26.359173+00:00,927b8502-b16f-47cd-9d14-b0ab924240fb,d685d5b4-012e-4f23-982c-6bb4c4b23adf,65d31b24-dad9-469a-b896-152db0635e90,,2025-05-07T12:24:23.690189+00:00,0
2025-05-07T12:24:29.442125+00:00,fa08483b-ed1b-4089-9841-847d25182c83,d685d5b4-012e-4f23-982c-6bb4c4b23adf,65d31b24-dad9-469a-b896-152db0635e90,,2025-05-07T12:24:26.782463+00:00,0
2025-05-07T12:24:32.511786+00:00,091f2c0c-3f62-46a4-a699-08c25752ca8b,d685d5b4-012e-4f23-982c-6bb4c4b23adf,65d31b24-dad9-469a-b896-152db0635e90,,2025-05-07T12:24:29.873803+00:00,0
2025-05-07T12:24:10.495131+00:00,7197d6ce-8d6a-40fe-8f25-e133c1c83f33,e4464c5a-cc47-4b8e-95f0-d0c5c969270c,65d31b24-dad9-469a-b896-152db0635e90,,2025-05-07T12:24:07.493403+00:00,0
2025-05-07T12:24:13.526702+00:00,0dac6383-f569-4f50-bbed-07ee035cddfe,e4464c5a-cc47-4b8e-95f0-d0c5c969270c,65d31b24-dad9-469a-b896-152db0635e90,,2025-05-07T12:24:10.822229+00:00,0
2025-05-07T12:24:16.70485+00:00,01fe9df6-689f-4288-a046-ba7323094c38,e4464c5a-cc47-4b8e-95f0-d0c5c969270c,65d31b24-dad9-469a-b896-152db0635e90,,2025-05-07T12:24:14.001043+00:00,0
2025-05-07T12:24:19.864119+00:00,2b67a473-db13-4766-ae28-a7ad16397f61,e4464c5a-cc47-4b8e-95f0-d0c5c969270c,65d31b24-dad9-469a-b896-152db0635e90,,2025-05-07T12:24:17.133554+00:00,0
2025-05-07T12:24:23.401611+00:00,627cb3f7-5873-4e49-b769-700d4a82bf5b,e4464c5a-cc47-4b8e-95f0-d0c5c969270c,65d31b24-dad9-469a-b896-152db0635e90,,2025-05-07T12:24:20.659561+00:00,0
2025-05-07T12:24:26.359173+00:00,e63563da-b72d-416e-8bae-c610d3734aab,e4464c5a-cc47-4b8e-95f0-d0c5c969270c,65d31b24-dad9-469a-b896-152db0635e90,,2025-05-07T12:24:23.690189+00:00,0
2025-05-07T12:24:29.442125+00:00,93c91ba2-390a-4a67-ae2f-6ff26713af20,e4464c5a-cc47-4b8e-95f0-d0c5c969270c,65d31b24-dad9-469a-b896-152db0635e90,,2025-05-07T12:24:26.782463+00:00,0
2025-05-07T12:24:32.511786+00:00,4fadee9c-234a-4950-a313-a46455b0fea1,e4464c5a-cc47-4b8e-95f0-d0c5c969270c,65d31b24-dad9-469a-b896-152db0635e90,,2025-05-07T12:24:29.873803+00:00,0
2025-05-07T12:24:10.495131+00:00,28bbfd8a-cdce-4a8b-8eb1-c67a278c63ec,e5001e41-7b4e-4afd-aa78-3f862be12f0a,65d31b24-dad9-469a-b896-152db0635e90,,2025-05-07T12:24:07.493403+00:00,0
2025-05-07T12:24:13.526702+00:00,4f0d7adc-4120-41fb-ac17-8df08be4185b,e5001e41-7b4e-4afd-aa78-3f862be12f0a,65d31b24-dad9-469a-b896-152db0635e90,,2025-05-07T12:24:10.822229+00:00,0
2025-05-07T12:24:16.70485+00:00,639e2b34-45e1-4e6f-a4f3-2e82fa0ce799,e5001e41-7b4e-4afd-aa78-3f862be12f0a,65d31b24-dad9-469a-b896-152db0635e90,,2025-05-07T12:24:14.001043+00:00,0
2025-05-07T12:24:19.864119+00:00,f7eccd7d-847a-4772-b6b5-511ff4391024,e5001e41-7b4e-4afd-aa78-3f862be12f0a,65d31b24-dad9-469a-b896-152db0635e90,,2025-05-07T12:24:17.133554+00:00,0
2025-05-07T12:24:23.401611+00:00,a580eafe-8d8c-4637-8779-2b693053071c,e5001e41-7b4e-4afd-aa78-3f862be12f0a,65d31b24-dad9-469a-b896-152db0635e90,,2025-05-07T12:24:20.659561+00:00,0
2025-05-07T12:24:26.359173+00:00,67568b31-756d-4bfa-9cab-81843d71d144,e5001e41-7b4e-4afd-aa78-3f862be12f0a,65d31b24-dad9-469a-b896-152db0635e90,,2025-05-07T12:24:23.690189+00:00,0
2025-05-07T12:24:29.442125+00:00,2d320810-3045-48d1-9065-d20135a49e8a,e5001e41-7b4e-4afd-aa78-3f862be12f0a,65d31b24-dad9-469a-b896-152db0635e90,,2025-05-07T12:24:26.782463+00:00,0
2025-05-07T12:24:32.511786+00:00,81465461-c915-4819-8888-d05fa1969636,e5001e41-7b4e-4afd-aa78-3f862be12f0a,65d31b24-dad9-469a-b896-152db0635e90,,2025-05-07T12:24:29.873803+00:00,0
