id,component_id,name,unit,min_value,max_value,current_value,set_value,created_at,updated_at,show_in_graph,is_writable,modbus_address,modbus_type,data_type,show_in_ui,component_name
08c938fc-63e0-4f71-b8a7-8af3ca8524b3,a6ce50d1-41a4-4130-b91c-8cf0ce577d5a,autotune_on,boolean,0,1,0,,2025-04-21 15:24:16.041814+00,2025-04-22 11:30:32.68056+00,false,true,,,,false,precursor 2
108b3663-ac43-4d4b-af14-41f13a7b500f,a6ce50d1-41a4-4130-b91c-8cf0ce577d5a,temperature_set,°C,0,250,0,250,2025-04-21 15:24:16.041814+00,2025-04-30 20:07:28.322506+00,false,true,,,,true,precursor 2
12db5c62-1791-4b52-85e7-491965dc02e9,9b5812c5-e619-4b24-b7ca-ac9d7119428d,scale_max,sccm,0,200,200,,2025-04-21 15:24:16.041814+00,2025-04-22 11:30:41.489921+00,false,true,,,,false,MFC 1
15a77e1b-b0ec-404d-ad87-45dbd1fd5fd2,73517548-14c3-4607-8acb-155bfa92eb1a,temperature_set,°C,0,250,0,,2025-04-21 15:24:16.041814+00,2025-04-22 11:30:42.89719+00,false,true,,,,true,Precursor 1
15cfe7b4-a17b-4b46-a532-ab8b8aaaddfc,e2f96a0b-9081-4350-8e0d-c7e0c1ab7ef5,autotune_on,boolean,0,1,0,0.5,2025-04-21 15:24:16.041814+00,2025-04-23 16:38:42.654318+00,false,true,,,,false,Backend Heater
19a3bd3a-a55e-4fe1-bc8a-858943e4707a,12060510-4656-4d66-858b-32dc3a12132f,temp_max_limit,°C,0,250,250,,2025-04-21 15:24:16.041814+00,2025-04-22 11:30:33.68099+00,false,true,,,,false,Precursor 3
1f2b1f8f-a756-4abb-bd0f-0bf05b9888b3,1e26eeff-9db1-4da5-bf33-fd16f81816f9,scale_min,%,0,100,0,,2025-04-21 15:24:16.041814+00,2025-04-22 11:30:41.770839+00,false,true,,,,false,Nitrogen Generator
20c3f03f-087f-4bd6-bfb9-ab75fc540308,0981d5ef-e608-45f2-ab4d-4d7d19a3c272,autotune_on,boolean,0,1,0,,2025-04-21 15:24:16.041814+00,2025-04-22 11:30:33.92069+00,false,true,,,,false,Precursor 4
228b9d22-4edd-4c95-9b1e-a22a9c9da7f9,3392d426-5c17-4106-8877-c6d1e1ffbfc7,pid_period,ms,10,5000,10,,2025-04-21 15:24:16.041814+00,2025-04-22 11:30:35.446216+00,false,true,,,,false,Precursor 6
24d47ccc-fb82-4d82-a1ef-69b97221ebba,de2a8d6b-0668-4479-b2a6-65efb8d3c6d4,temp_max_limit,°C,0,1000,1000,,2025-04-21 15:24:16.041814+00,2025-04-22 11:30:39.477726+00,false,true,,,,false,Champer Heater
253386d3-9680-4778-bdaf-3a0488d7ea6c,8b26848e-74d2-4af9-9c76-7f5481cd4d61,pid_output,%,0,100,0,,2025-04-21 15:24:16.041814+00,2025-04-22 11:30:34.960611+00,false,false,,,,false,precursor 5
25c61abd-bf60-49c9-868d-f6124af31be8,12060510-4656-4d66-858b-32dc3a12132f,temp_min_limit,°C,0,200,0,,2025-04-21 15:24:16.041814+00,2025-04-22 11:30:33.632924+00,false,true,,,,false,Precursor 3
265d5d44-fd43-4274-a0f1-d49026f863af,73517548-14c3-4607-8acb-155bfa92eb1a,pid_period,ms,10,5000,10,,2025-04-21 15:24:16.041814+00,2025-04-22 11:30:32.347504+00,false,true,,,,false,Precursor 1
27b5f623-a88e-4a94-aba2-58cc30c5257c,1d1c32d1-68c0-46d3-8bd6-0d3c31e045c6,zero_cal,Pa,0,100000,0,,2025-04-21 15:24:16.041814+00,2025-04-22 11:30:40.434897+00,false,true,,,,false,Pressure Gauge 1
2dd5d506-696b-4f35-b374-7bcc84d644ac,f071d4ad-70f8-460d-8b51-be4d8834c917,temperature_set,°C,0,1000,25,,2025-04-21 15:24:16.041814+00,2025-04-22 11:30:39.772408+00,false,true,,,,true,Frontend Heater
313ed808-d2c7-4694-994d-d98d3b2a30b5,73517548-14c3-4607-8acb-155bfa92eb1a,kd,,0,1000,0,,2025-04-21 15:24:16.041814+00,2025-04-22 11:30:32.299103+00,false,true,,,,false,Precursor 1
35969620-6843-4130-8eca-d6b62dc74dbf,9b5812c5-e619-4b24-b7ca-ac9d7119428d,flow_read,sccm,0,200,0,,2025-04-21 15:24:16.041814+00,2025-04-22 11:30:41.3069+00,true,false,,,,true,MFC 1
35dc8e4c-06bc-4c0e-adbf-f045c1322f1a,1d1c32d1-68c0-46d3-8bd6-0d3c31e045c6,scale_max,Pa,0,100000,100000,,2025-04-21 15:24:16.041814+00,2025-04-22 11:30:40.386738+00,false,true,,,,false,Pressure Gauge 1
3865e2cc-de9b-46ee-bc7d-05a50c6350ce,a6ce50d1-41a4-4130-b91c-8cf0ce577d5a,pid_output,%,0,100,0,,2025-04-21 15:24:16.041814+00,2025-04-22 11:30:33.107946+00,false,false,,,,false,precursor 2
38ba7869-ab40-4e26-9f8c-cabfe55c4936,3392d426-5c17-4106-8877-c6d1e1ffbfc7,temp_max_limit,°C,0,250,250,,2025-04-21 15:24:16.041814+00,2025-04-22 11:30:35.545332+00,false,true,,,,false,Precursor 6
38f835ca-2d10-44ef-8400-4918b27d77dc,73517548-14c3-4607-8acb-155bfa92eb1a,temp_min_limit,°C,0,200,0,,2025-04-21 15:24:16.041814+00,2025-04-22 11:30:32.396685+00,false,true,,,,false,Precursor 1
3c215451-4f30-438b-8ff9-fc0ee2b6f8ab,a6ce50d1-41a4-4130-b91c-8cf0ce577d5a,power_on,boolean,0,1,0,,2025-04-21 15:24:16.041814+00,2025-04-22 11:30:32.633158+00,false,true,,,,true,precursor 2
3d2e61d7-46f0-411a-a69e-fe3a444ed4ab,e2f96a0b-9081-4350-8e0d-c7e0c1ab7ef5,pid_period,ms,10,5000,10,,2025-04-21 15:24:16.041814+00,2025-04-22 11:30:38.755352+00,false,true,,,,false,Backend Heater
3e0caa47-f18c-4daf-b0e8-17304ef8d8ce,9b5812c5-e619-4b24-b7ca-ac9d7119428d,flow_set,sccm,0,200,0,,2025-04-21 15:24:16.041814+00,2025-04-22 11:30:41.25792+00,false,true,,,,true,MFC 1
3f780bc5-c7e1-4653-a4bf-6d773904c0ea,e2f96a0b-9081-4350-8e0d-c7e0c1ab7ef5,ki,,0,1000,0,,2025-04-21 15:24:16.041814+00,2025-04-22 11:30:38.65833+00,false,true,,,,false,Backend Heater
3f9fffa2-3176-43c3-a159-ffd4c3aadbb8,1e26eeff-9db1-4da5-bf33-fd16f81816f9,purity_read,%,0,100,0,,2025-04-21 15:24:16.041814+00,2025-04-22 11:30:41.627413+00,false,false,,,,true,Nitrogen Generator
43638982-e740-42ad-b0c9-2711f3079576,de2a8d6b-0668-4479-b2a6-65efb8d3c6d4,pid_period,ms,10,5000,10,,2025-04-21 15:24:16.041814+00,2025-04-22 11:30:39.380745+00,false,true,,,,false,Champer Heater
4567ba45-1c86-45d2-bf4d-b1cf306f387a,f071d4ad-70f8-460d-8b51-be4d8834c917,temperature_read,°C,0,1000,25.1348920936166,,2025-04-21 15:24:16.041814+00,2025-04-22 11:30:39.821072+00,true,false,,,,true,Frontend Heater
46f37a7c-8aad-49f9-90fe-1881d3b10259,de2a8d6b-0668-4479-b2a6-65efb8d3c6d4,kd,,0,1000,0,,2025-04-21 15:24:16.041814+00,2025-04-22 11:30:39.334121+00,false,true,,,,false,Champer Heater
475ea660-2251-4d91-bdbd-0766a8655ddd,1e26eeff-9db1-4da5-bf33-fd16f81816f9,zero_cal,%,0,100,0,,2025-04-21 15:24:16.041814+00,2025-04-22 11:30:41.677592+00,false,true,,,,false,Nitrogen Generator
482de0f2-1db5-4a6d-83c2-45716cdb1a67,0981d5ef-e608-45f2-ab4d-4d7d19a3c272,temperature_set,°C,0,250,0,,2025-04-21 15:24:16.041814+00,2025-04-22 11:30:33.969878+00,false,true,,,,true,Precursor 4
4840dab1-048f-4b7c-ad96-4cecccc32780,3392d426-5c17-4106-8877-c6d1e1ffbfc7,temp_min_limit,°C,0,200,0,,2025-04-21 15:24:16.041814+00,2025-04-22 11:30:35.495816+00,false,true,,,,false,Precursor 6
4ced68bf-468d-4ddf-b1bc-a52b110f9593,f071d4ad-70f8-460d-8b51-be4d8834c917,pid_output,%,0,100,0,,2025-04-21 15:24:16.041814+00,2025-04-22 11:30:40.15554+00,false,false,,,,false,Frontend Heater
500c0329-946e-48c6-9b52-c08e65bd0292,4e1d6b50-bcbd-4a43-be0e-ff0d37f61669,pressure_read,Pa,0,100000,0.0100312483129754,,2025-04-21 15:24:16.041814+00,2025-04-22 11:30:40.624535+00,false,false,,,,true,Pressure Gauge 2
5090a678-2d53-4bab-bc81-977b47190c51,1e26eeff-9db1-4da5-bf33-fd16f81816f9,scale_max,%,0,100,100,,2025-04-21 15:24:16.041814+00,2025-04-22 11:30:41.818297+00,false,true,,,,false,Nitrogen Generator
51ab2e39-50cf-4208-a5e5-a403925a5eff,3392d426-5c17-4106-8877-c6d1e1ffbfc7,kd,,0,1000,0,,2025-04-21 15:24:16.041814+00,2025-04-22 11:30:35.397731+00,false,true,,,,false,Precursor 6
535aa1cf-1c00-41bc-8877-b35fac02c1cd,f071d4ad-70f8-460d-8b51-be4d8834c917,kd,,0,1000,0,,2025-04-21 15:24:16.041814+00,2025-04-22 11:30:39.969507+00,false,true,,,,false,Frontend Heater
538fcee5-09ec-45ba-83e0-62b73761bf9a,1d1c32d1-68c0-46d3-8bd6-0d3c31e045c6,span_cal,Pa,0,100000,0,,2025-04-21 15:24:16.041814+00,2025-04-22 11:30:40.482895+00,false,true,,,,false,Pressure Gauge 1
59551cec-d4c2-4ff6-9d5b-5460f8201b82,f071d4ad-70f8-460d-8b51-be4d8834c917,pid_period,ms,10,5000,10,,2025-04-21 15:24:16.041814+00,2025-04-22 11:30:40.014723+00,false,true,,,,false,Frontend Heater
5a4a739c-6e4d-4966-944a-d3e6f04620fc,de2a8d6b-0668-4479-b2a6-65efb8d3c6d4,autotune_on,boolean,0,1,0,,2025-04-21 15:24:16.041814+00,2025-04-22 11:30:39.094531+00,false,true,,,,false,Champer Heater
5a5de52e-6afa-4aa3-9072-fcbfe2f9e797,3392d426-5c17-4106-8877-c6d1e1ffbfc7,pid_output,%,0,100,0,,2025-04-21 15:24:16.041814+00,2025-04-22 11:30:35.590661+00,false,false,,,,false,Precursor 6
5adac7f8-816a-45bb-8f6e-ca45b8b4330f,d7bea2dd-78f3-4a65-986d-ca73822fd023,valve_state,boolean,0,1,0,,2025-04-21 15:24:16.041814+00,2025-04-22 11:30:42.381996+00,false,true,19,,,true,Valve 4
5b68242e-aabe-4bd7-93b3-5f0544623668,a6ce50d1-41a4-4130-b91c-8cf0ce577d5a,pid_period,ms,10,5000,10,,2025-04-21 15:24:16.041814+00,2025-04-22 11:30:32.966632+00,false,true,,,,false,precursor 2
5de620f7-c5b2-4b2f-a13c-49967ad15524,73517548-14c3-4607-8acb-155bfa92eb1a,kp,,0,1000,0,,2025-04-21 15:24:16.041814+00,2025-04-22 11:30:42.994784+00,false,true,,,,false,Precursor 1
5f9843bc-2b88-426d-a693-cbbee8356169,8b26848e-74d2-4af9-9c76-7f5481cd4d61,temp_min_limit,°C,0,200,0,,2025-04-21 15:24:16.041814+00,2025-04-22 11:30:34.865429+00,false,true,,,,false,precursor 5
6107c0d1-583d-4faa-b58d-ccaca4666fdc,73517548-14c3-4607-8acb-155bfa92eb1a,ki,,0,1000,0,,2025-04-21 15:24:16.041814+00,2025-04-22 11:30:32.255034+00,false,true,,,,false,Precursor 1
61342cfe-7a0c-4ca4-a30b-1770b9e38e2d,4e1d6b50-bcbd-4a43-be0e-ff0d37f61669,scale_max,Pa,0,100000,100000,,2025-04-21 15:24:16.041814+00,2025-04-22 11:30:40.725188+00,false,true,,,,false,Pressure Gauge 2
62c28aac-7300-4d3d-85c7-f043c3226439,e2f96a0b-9081-4350-8e0d-c7e0c1ab7ef5,temperature_read,°C,0,1000,25.1348920936166,,2025-04-21 15:24:16.041814+00,2025-04-22 11:30:38.561847+00,false,false,,,,true,Backend Heater
656f98b2-1d0f-4f65-a5d0-a3b2357bbeaf,9b5812c5-e619-4b24-b7ca-ac9d7119428d,scale_min,sccm,0,200,0,,2025-04-21 15:24:16.041814+00,2025-04-22 11:30:41.444781+00,false,true,,,,false,MFC 1
65bc0885-e5fa-49e8-96d9-f1ef592f1c20,a6ce50d1-41a4-4130-b91c-8cf0ce577d5a,temp_max_limit,°C,0,250,250,,2025-04-21 15:24:16.041814+00,2025-04-22 11:30:33.062636+00,false,true,,,,false,precursor 2
668ff6e6-6dcc-43c1-9726-0599595908e0,8b26848e-74d2-4af9-9c76-7f5481cd4d61,kp,,0,1000,0,,2025-04-21 15:24:16.041814+00,2025-04-22 11:30:34.681293+00,false,true,,,,false,precursor 5
687cf16a-8d3d-45ce-8a94-d20ec07f6dcd,12060510-4656-4d66-858b-32dc3a12132f,power_on,boolean,0,1,0,,2025-04-21 15:24:16.041814+00,2025-04-22 11:30:33.249627+00,false,true,,,,true,Precursor 3
6979fd01-718f-4d27-a91c-5af3d9d0c52d,de2a8d6b-0668-4479-b2a6-65efb8d3c6d4,kp,,0,1000,0,,2025-04-21 15:24:16.041814+00,2025-04-22 11:30:39.238443+00,false,true,,,,false,Champer Heater
69fe8a76-a8d0-42da-ba83-d0fcbe063a8d,e2f96a0b-9081-4350-8e0d-c7e0c1ab7ef5,pid_output,%,0,100,0,,2025-04-21 15:24:16.041814+00,2025-04-22 11:30:38.904911+00,false,false,,,,false,Backend Heater
705cfb63-5c04-40e4-874c-13b022430044,f071d4ad-70f8-460d-8b51-be4d8834c917,kp,,0,1000,0,,2025-04-21 15:24:16.041814+00,2025-04-22 11:30:39.86953+00,false,true,,,,false,Frontend Heater
723ae39b-88b5-46ec-b869-f57a50ce3e3f,de2a8d6b-0668-4479-b2a6-65efb8d3c6d4,temp_min_limit,°C,0,1000,0,,2025-04-21 15:24:16.041814+00,2025-04-22 11:30:39.428688+00,false,true,,,,false,Champer Heater
73f16b0e-6a82-4027-a1cf-66bfa16dba69,e2f96a0b-9081-4350-8e0d-c7e0c1ab7ef5,power_on,boolean,0,1,0,0.5,2025-04-21 15:24:16.041814+00,2025-04-22 18:03:31.00583+00,false,true,,,,true,Backend Heater
7497ae20-231a-4742-81d6-eebd405b6b20,0981d5ef-e608-45f2-ab4d-4d7d19a3c272,temp_max_limit,°C,0,250,250,,2025-04-21 15:24:16.041814+00,2025-04-22 11:30:34.302807+00,false,true,,,,false,Precursor 4
74f67e21-e58f-4a68-b7ec-73556fab18cf,0981d5ef-e608-45f2-ab4d-4d7d19a3c272,temp_min_limit,°C,0,200,0,,2025-04-21 15:24:16.041814+00,2025-04-22 11:30:34.255033+00,false,true,,,,false,Precursor 4
774f7d29-e823-4b98-8e14-3aac77bd7599,a6ce50d1-41a4-4130-b91c-8cf0ce577d5a,kd,,0,1000,0,,2025-04-21 15:24:16.041814+00,2025-04-22 11:30:32.920141+00,false,true,,,,false,precursor 2
78647b39-e712-46d3-a122-7e471564e292,8b26848e-74d2-4af9-9c76-7f5481cd4d61,temperature_set,°C,0,250,0,,2025-04-21 15:24:16.041814+00,2025-04-22 11:30:34.586099+00,false,true,,,,true,precursor 5
78aee73c-bda3-4f79-9554-71a7a8985030,8b26848e-74d2-4af9-9c76-7f5481cd4d61,pid_period,ms,10,5000,10,,2025-04-21 15:24:16.041814+00,2025-04-22 11:30:34.821377+00,false,true,,,,false,precursor 5
78cdc7b1-25dc-42b9-b8af-a9a615305ac9,2bd08e5b-dc96-48d7-b742-4792daa2b45d,valve_state,boolean,0,1,0,,2025-04-21 15:24:16.041814+00,2025-04-22 11:30:42.666179+00,false,true,,,,true,Valve 6
7d7f5510-f71c-4563-8a24-b3cfba45ade8,0981d5ef-e608-45f2-ab4d-4d7d19a3c272,ki,,0,1000,0,,2025-04-21 15:24:16.041814+00,2025-04-22 11:30:34.112606+00,false,true,,,,false,Precursor 4
7e20f66d-ea98-4893-a988-618608855eb4,a6ce50d1-41a4-4130-b91c-8cf0ce577d5a,kp,,0,1000,0,,2025-04-21 15:24:16.041814+00,2025-04-22 11:30:32.824879+00,false,true,,,,false,precursor 2
7f1b3a8a-03ea-494d-b4b3-6b4ea64185cc,12060510-4656-4d66-858b-32dc3a12132f,ki,,0,1000,0,,2025-04-21 15:24:16.041814+00,2025-04-22 11:30:33.48857+00,false,true,,,,false,Precursor 3
7f9ede59-32bd-4420-91e1-c5bc7b077faf,1d1c32d1-68c0-46d3-8bd6-0d3c31e045c6,scale_min,Pa,0,100000,0,,2025-04-21 15:24:16.041814+00,2025-04-22 11:30:40.341103+00,false,true,,,,false,Pressure Gauge 1
8195ef00-f478-48ee-9ee0-e43cc265ef42,9b5812c5-e619-4b24-b7ca-ac9d7119428d,power_on,boolean,0,1,0,0,2025-04-21 15:24:16.041814+00,2025-05-01 15:54:45.494166+00,false,true,,,,true,MFC 1
83b03e5c-ec49-4123-80e6-8043302bbe3d,9b5812c5-e619-4b24-b7ca-ac9d7119428d,span_cal,sccm,0,200,0,,2025-04-21 15:24:16.041814+00,2025-04-22 11:30:41.398808+00,false,true,,,,false,MFC 1
83dd3549-cdc6-424f-8e57-4f37ea3e478c,12060510-4656-4d66-858b-32dc3a12132f,pid_output,%,0,100,0,,2025-04-21 15:24:16.041814+00,2025-04-22 11:30:33.729035+00,false,false,,,,false,Precursor 3
846bc6d6-04df-4318-affb-b97cf7238793,6577fb1a-1df4-4166-8379-0a06f4b36540,valve_state,boolean,0,1,0,,2025-04-21 15:24:16.041814+00,2025-04-22 11:30:42.103371+00,false,true,17,,,true,Valve 2
894973c4-4796-4a04-b7c7-f67d4d31fa79,12060510-4656-4d66-858b-32dc3a12132f,temperature_read,°C,0,250,25.0401879545678,,2025-04-21 15:24:16.041814+00,2025-04-22 11:30:33.396483+00,false,false,,,,true,Precursor 3
896208fd-0e1f-49a2-9ef6-46ab0d341bee,694253db-af80-4b6b-83b7-9d1bec9b6887,valve_state,boolean,0,1,0,,2025-04-21 15:24:16.041814+00,2025-04-22 11:30:42.248937+00,false,true,18,,,true,Valve 3
8b21da59-dea9-4959-953b-4b2efc65e9fd,e2f96a0b-9081-4350-8e0d-c7e0c1ab7ef5,kd,,0,1000,0,,2025-04-21 15:24:16.041814+00,2025-04-22 11:30:38.706007+00,false,true,,,,false,Backend Heater
8b49be58-fe1b-44ab-913f-ba55a20d5a6a,0981d5ef-e608-45f2-ab4d-4d7d19a3c272,pid_output,%,0,100,0,,2025-04-21 15:24:16.041814+00,2025-04-22 11:30:34.347866+00,false,false,,,,false,Precursor 4
8f6c5108-58e2-4efd-9bfe-675e640decb7,4e1d6b50-bcbd-4a43-be0e-ff0d37f61669,zero_cal,Pa,0,100000,0,,2025-04-21 15:24:16.041814+00,2025-04-22 11:30:40.773157+00,false,true,,,,false,Pressure Gauge 2
8fe19753-ebac-47ce-8461-a713b4e42695,1d1c32d1-68c0-46d3-8bd6-0d3c31e045c6,pressure_read,Pa,0,100000,0.0100312483129754,,2025-04-21 15:24:16.041814+00,2025-04-22 11:30:40.295489+00,true,false,,,,true,Pressure Gauge 1
926216d4-d7e4-4456-ad01-9d324930276c,f071d4ad-70f8-460d-8b51-be4d8834c917,temp_min_limit,°C,0,1000,0,,2025-04-21 15:24:16.041814+00,2025-04-22 11:30:40.061269+00,false,true,,,,false,Frontend Heater
940c3d48-dc75-4cef-8041-383df36d0d40,73517548-14c3-4607-8acb-155bfa92eb1a,power_on,boolean,0,1,0,,2025-04-21 15:24:16.041814+00,2025-04-22 11:30:42.802251+00,false,true,,,,true,Precursor 1
9917618c-7325-4771-a771-65b42c6d6c73,5e0761e6-d148-4481-ba4a-621a467117a4,power_on,boolean,0,1,0,,2025-04-21 15:24:16.041814+00,2025-04-22 11:30:40.920979+00,false,true,,,,true,Vacuum Pump
9c2d6a54-f476-4142-8846-02a5b4b215bf,12060510-4656-4d66-858b-32dc3a12132f,pid_period,ms,10,5000,10,,2025-04-21 15:24:16.041814+00,2025-04-22 11:30:33.583986+00,false,true,,,,false,Precursor 3
9c698872-8b48-44dc-861e-8fe0a9425aa4,3392d426-5c17-4106-8877-c6d1e1ffbfc7,ki,,0,1000,0,,2025-04-21 15:24:16.041814+00,2025-04-22 11:30:35.348161+00,false,true,,,,false,Precursor 6
9c99ed1b-1c30-4536-8ac1-3099f99a5afe,e2f96a0b-9081-4350-8e0d-c7e0c1ab7ef5,temperature_set,°C,0,1000,25,,2025-04-21 15:24:16.041814+00,2025-04-22 11:30:38.514211+00,false,true,,,,true,Backend Heater
9e6c88b2-950a-4ad3-a308-e49d9681a24f,3392d426-5c17-4106-8877-c6d1e1ffbfc7,autotune_on,boolean,0,1,0,,2025-04-21 15:24:16.041814+00,2025-04-22 11:30:35.154386+00,false,true,,,,false,Precursor 6
9f5387b8-a1b8-4b44-b4a5-be8134e834c5,1e26eeff-9db1-4da5-bf33-fd16f81816f9,span_cal,%,0,100,0,,2025-04-21 15:24:16.041814+00,2025-04-22 11:30:41.723279+00,false,true,,,,false,Nitrogen Generator
a0fa352f-8ff5-4151-b3be-fe63a4048c2a,0981d5ef-e608-45f2-ab4d-4d7d19a3c272,kd,,0,1000,0,,2025-04-21 15:24:16.041814+00,2025-04-22 11:30:34.160607+00,false,true,,,,false,Precursor 4
a4bf7086-0497-4bf8-8e2c-6368c9581e2a,73517548-14c3-4607-8acb-155bfa92eb1a,temp_max_limit,°C,0,250,250,,2025-04-21 15:24:16.041814+00,2025-04-22 11:30:32.442498+00,false,true,,,,false,Precursor 1
ab12a46c-35d4-43b0-a2a4-8b4cd088af95,e2f96a0b-9081-4350-8e0d-c7e0c1ab7ef5,temp_max_limit,°C,0,1000,1000,,2025-04-21 15:24:16.041814+00,2025-04-22 11:30:38.854987+00,false,true,,,,false,Backend Heater
ae17e2bd-89fe-4a9a-8104-0ec04e69de31,3392d426-5c17-4106-8877-c6d1e1ffbfc7,kp,,0,1000,0,,2025-04-21 15:24:16.041814+00,2025-04-22 11:30:35.298575+00,false,true,,,,false,Precursor 6
b382ad1d-d9d1-4a94-b9fa-5a962afe98a7,a6ce50d1-41a4-4130-b91c-8cf0ce577d5a,temp_min_limit,°C,0,200,0,,2025-04-21 15:24:16.041814+00,2025-04-22 11:30:33.01484+00,false,true,,,,false,precursor 2
b48a22bf-461f-4c0f-8da9-b1544b0f3d70,9b5812c5-e619-4b24-b7ca-ac9d7119428d,zero_cal,sccm,0,200,0,,2025-04-21 15:24:16.041814+00,2025-04-22 11:30:41.35295+00,false,true,,,,false,MFC 1
b6433c16-cb13-4e6a-b5b8-1b1519f0b44b,de2a8d6b-0668-4479-b2a6-65efb8d3c6d4,temperature_read,°C,0,1000,25.1348920936166,,2025-04-21 15:24:16.041814+00,2025-04-22 11:30:39.189251+00,true,false,,,,true,Champer Heater
b6ffc326-6445-440f-9642-39e86953b399,0981d5ef-e608-45f2-ab4d-4d7d19a3c272,power_on,boolean,0,1,0,,2025-04-21 15:24:16.041814+00,2025-04-22 11:30:33.870175+00,false,true,,,,true,Precursor 4
b9c159b6-7bbc-46ec-86a8-f47b4b0c98fc,f071d4ad-70f8-460d-8b51-be4d8834c917,ki,,0,1000,0,,2025-04-21 15:24:16.041814+00,2025-04-22 11:30:39.91905+00,false,true,,,,false,Frontend Heater
bb9ebcda-a4a2-40ec-85b5-9d62a5cdb1ff,73517548-14c3-4607-8acb-155bfa92eb1a,pid_output,%,0,100,0,,2025-04-21 15:24:16.041814+00,2025-04-22 11:30:32.489721+00,false,false,,,,false,Precursor 1
bfb4e463-b31f-40ed-a119-2430abf94600,8b26848e-74d2-4af9-9c76-7f5481cd4d61,temperature_read,°C,0,250,25.0401879545678,,2025-04-21 15:24:16.041814+00,2025-04-22 11:30:34.633015+00,false,false,,,,true,precursor 5
c2c97edd-d34c-4a08-87d7-cf28731a47cb,8b26848e-74d2-4af9-9c76-7f5481cd4d61,autotune_on,boolean,0,1,0,,2025-04-21 15:24:16.041814+00,2025-04-22 11:30:34.537167+00,false,true,,,,false,precursor 5
c2f947a1-3456-49e1-8368-b6370d0b3593,12060510-4656-4d66-858b-32dc3a12132f,autotune_on,boolean,0,1,0,,2025-04-21 15:24:16.041814+00,2025-04-22 11:30:33.301338+00,false,true,,,,false,Precursor 3
c57b029c-c17a-4f79-b829-e11d3e12fb32,de2a8d6b-0668-4479-b2a6-65efb8d3c6d4,ki,,0,1000,0,,2025-04-21 15:24:16.041814+00,2025-04-22 11:30:39.288131+00,false,true,,,,false,Champer Heater
c6d493fa-adf3-4784-bb80-3425dd276d49,1a6385bf-8998-4849-bd7c-db8bd25eab1a,valve_state,boolean,0,1,0,,2025-04-21 15:24:16.041814+00,2025-04-22 11:30:41.957613+00,false,true,16,,,true,Valve 1
ca61248a-9be5-43d2-a204-df6f15ef4fe7,de2a8d6b-0668-4479-b2a6-65efb8d3c6d4,power_on,boolean,0,1,0,1,2025-04-21 15:24:16.041814+00,2025-05-01 15:55:28.797314+00,false,true,,,,true,Champer Heater
ccff6e5f-ce1e-462d-bdc8-10ac0173ec7c,12060510-4656-4d66-858b-32dc3a12132f,temperature_set,°C,0,250,0,,2025-04-21 15:24:16.041814+00,2025-04-22 11:30:33.348906+00,false,true,,,,true,Precursor 3
d0713947-7720-456d-a32c-60b17b94f09a,3392d426-5c17-4106-8877-c6d1e1ffbfc7,power_on,boolean,0,1,0,,2025-04-21 15:24:16.041814+00,2025-04-22 11:30:35.101986+00,false,true,,,,true,Precursor 6
d09fa832-5a9a-42ca-bc5c-82e6d7dce529,12060510-4656-4d66-858b-32dc3a12132f,kd,,0,1000,0,,2025-04-21 15:24:16.041814+00,2025-04-22 11:30:33.535865+00,false,true,,,,false,Precursor 3
d0f19464-4af7-4bd4-9906-d29fe6a180e4,73517548-14c3-4607-8acb-155bfa92eb1a,autotune_on,boolean,0,1,0,,2025-04-21 15:24:16.041814+00,2025-04-22 11:30:42.849997+00,false,true,,,,false,Precursor 1
d32f51cf-ab4c-4d81-a475-a77d532809ae,e2f96a0b-9081-4350-8e0d-c7e0c1ab7ef5,kp,,0,1000,0,,2025-04-21 15:24:16.041814+00,2025-04-22 11:30:38.608649+00,false,true,,,,false,Backend Heater
d453ed9f-ed5e-4fff-bba4-f51d101b97db,a6ce50d1-41a4-4130-b91c-8cf0ce577d5a,ki,,0,1000,0,,2025-04-21 15:24:16.041814+00,2025-04-22 11:30:32.87301+00,false,true,,,,false,precursor 2
d65ac2bb-e05b-40c2-9fb3-12f41ffeb3af,0981d5ef-e608-45f2-ab4d-4d7d19a3c272,kp,,0,1000,0,,2025-04-21 15:24:16.041814+00,2025-04-22 11:30:34.06618+00,false,true,,,,false,Precursor 4
d685d5b4-012e-4f23-982c-6bb4c4b23adf,4e1d6b50-bcbd-4a43-be0e-ff0d37f61669,span_cal,Pa,0,100000,0,,2025-04-21 15:24:16.041814+00,2025-04-22 11:30:40.820556+00,false,true,,,,false,Pressure Gauge 2
d68d89b7-38c8-40ed-befc-09b0a714192a,e2f96a0b-9081-4350-8e0d-c7e0c1ab7ef5,temp_min_limit,°C,0,1000,0,,2025-04-21 15:24:16.041814+00,2025-04-22 11:30:38.805066+00,false,true,,,,false,Backend Heater
d69d1937-1e06-4118-a960-02f0b9283890,8b26848e-74d2-4af9-9c76-7f5481cd4d61,power_on,boolean,0,1,0,,2025-04-21 15:24:16.041814+00,2025-04-22 11:30:34.484328+00,false,true,,,,true,precursor 5
d8a13ead-e9d2-45e4-acf1-c59701cbb84a,8b26848e-74d2-4af9-9c76-7f5481cd4d61,kd,,0,1000,0,,2025-04-21 15:24:16.041814+00,2025-04-22 11:30:34.775552+00,false,true,,,,false,precursor 5
db6d1da3-6517-4412-ae99-0023a3d5a8e8,f071d4ad-70f8-460d-8b51-be4d8834c917,autotune_on,boolean,0,1,0,,2025-04-21 15:24:16.041814+00,2025-04-22 11:30:39.725964+00,false,true,,,,false,Frontend Heater
dd6e2e4f-e72f-4bde-9a74-d252ee7eb487,3392d426-5c17-4106-8877-c6d1e1ffbfc7,temperature_set,°C,0,250,0,,2025-04-21 15:24:16.041814+00,2025-04-22 11:30:35.202549+00,false,true,,,,true,Precursor 6
dfd2c25d-72ca-4bfe-b795-1f210d0f7925,de2a8d6b-0668-4479-b2a6-65efb8d3c6d4,temperature_set,°C,0,1000,25,26,2025-04-21 15:24:16.041814+00,2025-05-01 15:55:37.132421+00,false,true,,,,true,Champer Heater
e00b0f66-3c05-48a1-8318-f7d1da5f628e,73517548-14c3-4607-8acb-155bfa92eb1a,temperature_read,°C,0,250,25.1348920936166,,2025-04-21 15:24:16.041814+00,2025-04-22 11:30:42.946222+00,false,false,,,,true,Precursor 1
e4464c5a-cc47-4b8e-95f0-d0c5c969270c,4e1d6b50-bcbd-4a43-be0e-ff0d37f61669,scale_min,Pa,0,100000,0,,2025-04-21 15:24:16.041814+00,2025-04-22 11:30:40.676761+00,false,true,,,,false,Pressure Gauge 2
e5001e41-7b4e-4afd-aa78-3f862be12f0a,32419eab-9a27-4eea-852f-52dd669dbb10,valve_state,boolean,0,1,0,,2025-04-21 15:24:16.041814+00,2025-04-22 11:30:41.063892+00,false,true,,,,true,Exhaust Gate Valve
e7ba1c3e-6a3d-4fd9-a07f-0976bd4df4cc,f071d4ad-70f8-460d-8b51-be4d8834c917,temp_max_limit,°C,0,1000,1000,,2025-04-21 15:24:16.041814+00,2025-04-22 11:30:40.109586+00,false,true,,,,false,Frontend Heater
ebf3ad52-593e-433d-92a0-d47048446b35,8b26848e-74d2-4af9-9c76-7f5481cd4d61,ki,,0,1000,0,,2025-04-21 15:24:16.041814+00,2025-04-22 11:30:34.728179+00,false,true,,,,false,precursor 5
efe5d5a2-fb6f-46af-8629-b7b2f478d80d,de2a8d6b-0668-4479-b2a6-65efb8d3c6d4,pid_output,%,0,100,0,,2025-04-21 15:24:16.041814+00,2025-04-22 11:30:39.528329+00,false,false,,,,false,Champer Heater
f0f903cd-5ad8-484a-8ec2-cc9d992b8b56,3392d426-5c17-4106-8877-c6d1e1ffbfc7,temperature_read,°C,0,250,25.0401879545678,,2025-04-21 15:24:16.041814+00,2025-04-22 11:30:35.250362+00,false,false,,,,true,Precursor 6
f322b952-b942-4365-896b-0faa093385be,8b26848e-74d2-4af9-9c76-7f5481cd4d61,temp_max_limit,°C,0,250,250,,2025-04-21 15:24:16.041814+00,2025-04-22 11:30:34.915215+00,false,true,,,,false,precursor 5
f4a5ae09-a244-4419-887d-37ceeb17a347,0981d5ef-e608-45f2-ab4d-4d7d19a3c272,pid_period,ms,10,5000,10,,2025-04-21 15:24:16.041814+00,2025-04-22 11:30:34.205655+00,false,true,,,,false,Precursor 4
f90fae9a-d297-4d85-b170-2f157e716432,a6ce50d1-41a4-4130-b91c-8cf0ce577d5a,temperature_read,°C,0,250,25.0401879545678,,2025-04-21 15:24:16.041814+00,2025-04-22 11:30:32.77716+00,false,false,,,,true,precursor 2
fb6c47f7-ad12-47a8-94c4-b42311f001ab,f071d4ad-70f8-460d-8b51-be4d8834c917,power_on,boolean,0,1,0,,2025-04-21 15:24:16.041814+00,2025-04-22 11:30:39.673973+00,false,true,,,,true,Frontend Heater
fc68de5c-d649-47e1-ace8-9f0245be03a2,0981d5ef-e608-45f2-ab4d-4d7d19a3c272,temperature_read,°C,0,250,25.0401879545678,,2025-04-21 15:24:16.041814+00,2025-04-22 11:30:34.018504+00,false,false,,,,true,Precursor 4
fe443faf-947c-4d15-a5b8-959891cf0930,8ff04295-e3ae-4c31-b503-565904665815,valve_state,boolean,0,1,0,,2025-04-21 15:24:16.041814+00,2025-04-22 11:30:42.52326+00,false,true,,,,true,Valve 5
ffea2ebf-7bc4-4d6a-a66d-be6e70819b17,12060510-4656-4d66-858b-32dc3a12132f,kp,,0,1000,0,,2025-04-21 15:24:16.041814+00,2025-04-22 11:30:33.441661+00,false,true,,,,false,Precursor 3